[{"title": "Kuruluş Osman", "poster": "assets/posters/osman.jpg", "slug": "kurulus-osman", "seasons": 4}, {"title": "Alp Arslan", "poster": "assets/posters/alp.jpg", "slug": "alp-arslan", "seasons": 2}, {"title": "Salahuddin Ayyubi", "poster": "assets/posters/salahuddin.jpg", "slug": "salahuddin-ayyubi", "seasons": 1}, {"title": "Sultan Mehmet Fatih", "poster": "assets/posters/mehmet.jpg", "slug": "sultan-mehmet-fatih", "seasons": 1}, {"title": "The Great Seljuk", "poster": "assets/posters/seljuk.jpg", "slug": "great-seljuk", "seasons": 2}]